region,prefecture,canton,canton_id,lon,lat,enregistrements
Centrale,Blitta,Agbandi,Blitta|Agbandi,1.2063765,8.222258499999999,18
Centrale,Blitta,Atchintsè,Blitta|Atchintsè,0.68279,8.0168485,26
Centrale,Blitta,Blitta,Blitta|Blitta,0.9629110000000001,8.318926000000001,98
Centrale,Blitta,Blitta-Village,Blitta|Blitta-Village,1.014588,8.353088,29
Centrale,Blitta,Diguengué,Blitta|Diguengué,0.641448,8.107393,30
Centrale,Blitta,Dikpéléou,Blitta|Dikpéléou,0.618949,8.198498,23
Centrale,Blitta,Doufouli,Blitta|Doufouli,0.9297915,8.307406,22
Centrale,Blitta,Katchenkè,Blitta|Katchenkè,0.714799,8.213423,41
Centrale,Blitta,Koffiti,Blitta|Koffiti,1.15344,8.049553,27
Centrale,Blitta,Langabou,Blitta|Langabou,1.136746,8.123035,19
Centrale,Blitta,M'Poti,Blitta|M'Poti,0.788861,8.2591785,46
Centrale,Blitta,Pagala-Gare,Blitta|Pagala-Gare,0.983686,8.177817,63
Centrale,Blitta,Pagala-Village,Blitta|Pagala-Village,0.884898,8.213969,25
Centrale,Blitta,Tchaloudè,Blitta|Tchaloudè,1.145414,8.308653,35
Centrale,Blitta,Tcharè-Baou,Blitta|Tcharè-Baou,1.036538,8.070988,31
Centrale,Blitta,Tchifama,Blitta|Tchifama,0.806188,8.185948,31
Centrale,Blitta,Tintchro,Blitta|Tintchro,0.7542530000000001,8.0810355,34
Centrale,Blitta,Waragni,Blitta|Waragni,1.033487,8.269544499999999,34
Centrale,Blitta,Welly,Blitta|Welly,0.871477,8.066327,53
Centrale,Blitta,Yaloumbè,Blitta|Yaloumbè,1.079383,8.308162,27
Centrale,Blitta,Yégué,Blitta|Yégué,0.656929,8.176449,19
Centrale,Mô,Boulohou,Mô|Boulohou,0.6708845,8.773387,56
Centrale,Mô,Djarkpanga,Mô|Djarkpanga,0.563846,8.784688,61
Centrale,Mô,Kagnigbara,Mô|Kagnigbara,0.656632,8.873778000000001,22
Centrale,Mô,Saïboudè,Mô|Saïboudè,0.474296,8.6019185,36
Centrale,Mô,Tindjasse,Mô|Tindjasse,0.46197,8.651447,51
Centrale,Sotouboua,Adjengré,Sotouboua|Adjengré,1.0191405,8.6879655,52
Centrale,Sotouboua,Aouda,Sotouboua|Aouda,0.9657880000000001,8.79329,150
Centrale,Sotouboua,Bodjondè,Sotouboua|Bodjondè,1.042716,8.432193,21
Centrale,Sotouboua,Kaniamboua,Sotouboua|Kaniamboua,1.002201,8.60792,15
Centrale,Sotouboua,Kazaboua,Sotouboua|Kazaboua,1.1522394999999999,8.421278000000001,34
Centrale,Sotouboua,Kériadé,Sotouboua|Kériadé,0.93384,8.68664,57
Centrale,Sotouboua,Sotouboua,Sotouboua|Sotouboua,0.971857,8.547281,108
Centrale,Sotouboua,Séssaro,Sotouboua|Séssaro,1.2234685,8.612369999999999,60
Centrale,Sotouboua,Tabindè,Sotouboua|Tabindè,1.0882749999999999,8.5075195,46
Centrale,Sotouboua,Tchébébé,Sotouboua|Tchébébé,0.912839,8.432335,75
Centrale,Sotouboua,Tittigbe,Sotouboua|Tittigbe,1.0966355,8.614848,54
Centrale,Tchamba,Affem,Tchamba|Affem,1.526997,9.136227,69
Centrale,Tchamba,Alibi I,Tchamba|Alibi I,1.416992,8.922128,33
Centrale,Tchamba,Bago,Tchamba|Bago,1.4007640000000001,8.5176485,24
Centrale,Tchamba,Balanka,Tchamba|Balanka,1.6063565,8.864505000000001,28
Centrale,Tchamba,Goubi,Tchamba|Goubi,1.4680659999999999,8.6537005,46
Centrale,Tchamba,Kaboli,Tchamba|Kaboli,1.592251,8.743513,79
Centrale,Tchamba,Koussountou,Tchamba|Koussountou,1.5164305,8.832787,42
Centrale,Tchamba,Kri-Kri,Tchamba|Kri-Kri,1.420195,9.2011965,22
Centrale,Tchamba,Larini,Tchamba|Larini,1.42391,9.069255,19
Centrale,Tchamba,Tchamba,Tchamba|Tchamba,1.456471,9.020123,39
Centrale,Tchaoudjo,Agouloudè,Tchaoudjo|Agouloudè,1.353127,9.225957,73
Centrale,Tchaoudjo,Aléhéridè,Tchaoudjo|Aléhéridè,1.209168,9.193385,31
Centrale,Tchaoudjo,Amaïde,Tchaoudjo|Amaïde,1.171722,9.16338,29
Centrale,Tchaoudjo,Kadambara,Tchaoudjo|Kadambara,1.19486,8.7976195,78
Centrale,Tchaoudjo,Kolina,Tchaoudjo|Kolina,1.1425939999999999,9.105716000000001,52
Centrale,Tchaoudjo,Kpangalam,Tchaoudjo|Kpangalam,1.1098395,9.019945,30
Centrale,Tchaoudjo,Kparataou,Tchaoudjo|Kparataou,1.27013,8.955279,101
Centrale,Tchaoudjo,Kpassaouade,Tchaoudjo|Kpassaouade,1.2944265,9.05642,64
Centrale,Tchaoudjo,Kéméni,Tchaoudjo|Kéméni,1.2554125,9.2309325,70
Centrale,Tchaoudjo,Lama-Tessi,Tchaoudjo|Lama-Tessi,1.0776405,8.8332705,180
Centrale,Tchaoudjo,Sokodè (Komah),Tchaoudjo|Sokodè (Komah),1.1704444999999999,8.998604,40
Centrale,Tchaoudjo,Tchalo,Tchaoudjo|Tchalo,1.104555,8.933022,37
Centrale,Tchaoudjo,Wassarabo,Tchaoudjo|Wassarabo,1.276879,9.01478,43
Kara,Assoli,Alédjo,Assoli|Alédjo,1.2016339999999999,9.285074999999999,66
Kara,Assoli,Bafilo,Assoli|Bafilo,1.2444005,9.358831,42
Kara,Assoli,Bouladè,Assoli|Bouladè,1.2212515,9.423091,102
Kara,Assoli,Dako (Daoude),Assoli|Dako (Daoude),1.064924,9.322023999999999,52
Kara,Assoli,Koumondè,Assoli|Koumondè,1.236457,9.305943,19
Kara,Assoli,Soudou,Assoli|Soudou,1.3277055,9.364758,148
Kara,Bassar,Baghan,Bassar|Baghan,0.615599,9.061419,3
Kara,Bassar,Bangeli,Bassar|Bangeli,0.619467,9.424928,75
Kara,Bassar,Bassar,Bassar|Bassar,0.779284,9.27329,75
Kara,Bassar,Bitchabe,Bassar|Bitchabe,0.588325,9.322298,28
Kara,Bassar,Dimori,Bassar|Dimori,0.5930415,9.20484,20
Kara,Bassar,Kabou,Bassar|Kabou,0.81373,9.463465,25
Kara,Bassar,Kalanga,Bassar|Kalanga,0.71949,9.273863500000001,36
Kara,Bassar,Manga,Bassar|Manga,0.708747,9.531668,15
Kara,Bassar,Sanda-Afohou,Bassar|Sanda-Afohou,0.94386,9.481777,23
Kara,Bassar,Sanda-Kagbanda,Bassar|Sanda-Kagbanda,0.8947705,9.486629,14
Kara,Binah,Boufalé,Binah|Boufalé,1.340177,9.852612,57
Kara,Binah,Kémérida,Binah|Kémérida,1.3542800000000002,9.6634115,40
Kara,Binah,Kétao,Binah|Kétao,1.332415,9.657434,23
Kara,Binah,Lama-Dessi,Binah|Lama-Dessi,1.2814174999999999,9.710580499999999,86
Kara,Binah,Pagouda,Binah|Pagouda,1.326265,9.723512,251
Kara,Binah,Pessaré,Binah|Pessaré,1.245895,9.79611,7
Kara,Binah,Pitikita,Binah|Pitikita,1.283482,9.755112,18
Kara,Binah,Sirka,Binah|Sirka,1.3317345,9.5523045,50
Kara,Binah,Solla,Binah|Solla,1.353118,9.89694,29
Kara,Dankpen,Bapuré,Dankpen|Bapuré,0.6144449999999999,9.517261,14
Kara,Dankpen,Guérin-Kouka,Dankpen|Guérin-Kouka,0.599444,9.73655,35
Kara,Dankpen,Katchamba,Dankpen|Katchamba,0.534504,9.88738,21
Kara,Dankpen,Kidjabou,Dankpen|Kidjabou,0.474346,9.742847,7
Kara,Dankpen,Koulféikou,Dankpen|Koulféikou,0.40437449999999997,9.9747995,8
Kara,Dankpen,Koutchitchéou,Dankpen|Koutchitchéou,0.7763329999999999,9.616148500000001,36
Kara,Dankpen,Namon,Dankpen|Namon,0.81415,9.731233,17
Kara,Dankpen,Nandouta,Dankpen|Nandouta,0.40184,9.595434,13
Kara,Dankpen,Naompoch,Dankpen|Naompoch,0.6287739999999999,9.767402,38
Kara,Dankpen,Natchiboré,Dankpen|Natchiboré,0.7509695000000001,9.8192265,8
Kara,Dankpen,Natchitikpi,Dankpen|Natchitikpi,0.720156,9.733461,17
Kara,Dankpen,Nawaré,Dankpen|Nawaré,0.585827,9.61377,37
Kara,Doufelgou,Agbandè-Yaka,Doufelgou|Agbandè-Yaka,1.0889825,9.7202045,12
Kara,Doufelgou,Alloum,Doufelgou|Alloum,0.9339575,9.740746999999999,22
Kara,Doufelgou,Baga,Doufelgou|Baga,1.098457,9.78836,9
Kara,Doufelgou,Défalé,Doufelgou|Défalé,1.0895165,9.890230500000001,32
Kara,Doufelgou,Kadjalla,Doufelgou|Kadjalla,0.916676,9.805270499999999,28
Kara,Doufelgou,Koka,Doufelgou|Koka,1.122783,9.781849,14
Kara,Doufelgou,Kpaha,Doufelgou|Kpaha,1.139544,9.891748,14
Kara,Doufelgou,Léon,Doufelgou|Léon,0.94942,9.683741,47
Kara,Doufelgou,Massédéna,Doufelgou|Massédéna,1.2746110000000002,9.9887275,16
Kara,Doufelgou,Niamtougou,Doufelgou|Niamtougou,1.1105505,9.760785,22
Kara,Doufelgou,Pouda,Doufelgou|Pouda,1.267681,9.874151,9
Kara,Doufelgou,Siou,Doufelgou|Siou,1.1953845,9.8226315,14
Kara,Doufelgou,Tchoré,Doufelgou|Tchoré,1.017436,9.839349,11
Kara,Doufelgou,Ténéga,Doufelgou|Ténéga,1.134582,9.821588,17
Kara,Kozah,Atchangbadè,Kozah|Atchangbadè,1.101956,9.433392,151
Kara,Kozah,Awandjélo,Kozah|Awandjélo,1.1715010000000001,9.455705,76
Kara,Kozah,Bohou,Kozah|Bohou,1.1937855000000002,9.645314500000001,42
Kara,Kozah,Commune De Kara,Kozah|Commune De Kara,1.196159,9.543102000000001,108
Kara,Kozah,Djamdè,Kozah|Djamdè,1.066372,9.510778,101
Kara,Kozah,Kouméa,Kozah|Kouméa,1.184927,9.701745,93
Kara,Kozah,Kpinzindè,Kozah|Kpinzindè,1.315922,9.475313,91
Kara,Kozah,Landa,Kozah|Landa,1.270377,9.676068,63
Kara,Kozah,Lassa,Kozah|Lassa,1.2348,9.617449,113
Kara,Kozah,Pya,Kozah|Pya,1.150312,9.669741,73
Kara,Kozah,Sara-Kawa,Kozah|Sara-Kawa,1.027054,9.632811,77
Kara,Kozah,Soumdina,Kozah|Soumdina,1.265508,9.625323,17
Kara,Kozah,Tcharè,Kozah|Tcharè,1.184133,9.66563,36
Kara,Kozah,Tchitchao,Kozah|Tchitchao,1.139389,9.628264000000001,36
Kara,Kozah,Yadè,Kozah|Yadè,1.152469,9.591762,21
Kara,Kéran,Akpontè,Kéran|Akpontè,0.9142935000000001,10.213989999999999,16
Kara,Kéran,Ataloté,Kéran|Ataloté,0.944077,9.937714,36
Kara,Kéran,Hélota,Kéran|Hélota,0.756533,9.9284,29
Kara,Kéran,Kantè,Kéran|Kantè,1.0688615000000001,10.0242255,104
Kara,Kéran,Koutougou,Kéran|Koutougou,1.1956015,10.05471,14
Kara,Kéran,Nadoba,Kéran|Nadoba,1.079807,10.115642,7
Kara,Kéran,Ossacré,Kéran|Ossacré,0.734737,10.04859,15
Kara,Kéran,Pessidè,Kéran|Pessidè,0.963498,10.004314,45
Kara,Kéran,Warengo,Kéran|Warengo,1.112897,10.052027,17
Maritime,Agoè-Nyivé,Adétikopé,Agoè-Nyivé|Adétikopé,1.202486,6.297286,23
Maritime,Agoè-Nyivé,Agoè-Nyivé,Agoè-Nyivé|Agoè-Nyivé,1.2079,6.236888,7
Maritime,Agoè-Nyivé,Légbassito,Agoè-Nyivé|Légbassito,1.140598,6.261332,7
Maritime,Agoè-Nyivé,Sanguera,Agoè-Nyivé|Sanguera,1.1205245,6.2351975,12
Maritime,Agoè-Nyivé,Togblekope,Agoè-Nyivé|Togblekope,1.203035,6.278409,17
Maritime,Agoè-Nyivé,Vakpossito,Agoè-Nyivé|Vakpossito,1.168475,6.216773,7
Maritime,Avé,Aképé,Avé|Aképé,1.0591745,6.2483205,10
Maritime,Avé,Ando,Avé|Ando,0.835933,6.488105,219
Maritime,Avé,Assahoun,Avé|Assahoun,0.921848,6.480552,199
Maritime,Avé,Badja,Avé|Badja,0.994401,6.363353,161
Maritime,Avé,Edzi,Avé|Edzi,0.868017,6.3967025,50
Maritime,Avé,Kévé,Avé|Kévé,0.982321,6.466626,248
Maritime,Avé,Noépé,Avé|Noépé,1.0601565,6.2799545,48
Maritime,Avé,Tovégan,Avé|Tovégan,0.9029385000000001,6.581781,240
Maritime,Avé,Zolo,Avé|Zolo,0.906714,6.375399,153
Maritime,Bas-Mono,Afagnan-Gbléta,Bas-Mono|Afagnan-Gbléta,1.61549,6.455364,155
Maritime,Bas-Mono,Afagnangan,Bas-Mono|Afagnangan,1.6366665,6.489877,42
Maritime,Bas-Mono,Agbétiko,Bas-Mono|Agbétiko,1.7238105,6.483117,30
Maritime,Bas-Mono,Agome-Glozou,Bas-Mono|Agome-Glozou,1.6833025,6.5389055,464
Maritime,Bas-Mono,Attitogon,Bas-Mono|Attitogon,1.6460620000000001,6.404507000000001,168
Maritime,Bas-Mono,Hompou,Bas-Mono|Hompou,1.6732145,6.3963605,120
Maritime,Bas-Mono,Kpétsou,Bas-Mono|Kpétsou,1.5807985,6.5508925,90
Maritime,Golfe,Aflao-Gakli,Golfe|Aflao-Gakli,1.181962,6.194229,12
Maritime,Golfe,Aflao-Sagbado,Golfe|Aflao-Sagbado,1.1235689999999998,6.1882335,16
Maritime,Golfe,Amoutivé,Golfe|Amoutivé,1.2182415,6.1285175,16
Maritime,Golfe,Baguida,Golfe|Baguida,1.31538,6.187745,233
Maritime,Golfe,Bè-Centre,Golfe|Bè-Centre,1.2489854999999999,6.1895485,6
Maritime,Golfe,Bè-Est,Golfe|Bè-Est,1.260641,6.153048,125
Maritime,Golfe,Bè-Ouest,Golfe|Bè-Ouest,1.2150560000000001,6.180543,10
Maritime,Lacs,Agbodrafo,Lacs|Agbodrafo,1.5431240000000002,6.2207015000000006,126
Maritime,Lacs,Agouégan,Lacs|Agouégan,1.682351,6.267009,37
Maritime,Lacs,Aklakou,Lacs|Aklakou,1.732743,6.334386,131
Maritime,Lacs,Anfoin,Lacs|Anfoin,1.6154760000000001,6.337786,70
Maritime,Lacs,Aného,Lacs|Aného,1.575264,6.2309515,54
Maritime,Lacs,Canton D’Aneho,Lacs|Canton D’Aneho,1.616239,6.236014,12
Maritime,Lacs,Fiata,Lacs|Fiata,1.649795,6.317618,325
Maritime,Lacs,Ganavé,Lacs|Ganavé,1.63242,6.324334,383
Maritime,Lacs,Gbodjomé,Lacs|Gbodjomé,1.413297,6.193363,5
Maritime,Lacs,Glidji,Lacs|Glidji,1.607061,6.269092,57
Maritime,Vo,Akoumapé,Vo|Akoumapé,1.444919,6.42025,69
Maritime,Vo,Anyron-Kopé,Vo|Anyron-Kopé,1.5414975000000002,6.2624085,108
Maritime,Vo,Dagbati,Vo|Dagbati,1.515222,6.491097,155
Maritime,Vo,Dzrékpo,Vo|Dzrékpo,1.561347,6.437698,91
Maritime,Vo,Hahotoé,Vo|Hahotoé,1.418108,6.3571,17
Maritime,Vo,Mome-Hounkpati,Vo|Mome-Hounkpati,1.55189,6.49139,13
Maritime,Vo,Sévagan,Vo|Sévagan,1.438608,6.305208,43
Maritime,Vo,Togoville,Vo|Togoville,1.48644,6.263225,49
Maritime,Vo,Vo-Koutimé,Vo|Vo-Koutimé,1.577851,6.359988,83
Maritime,Vo,Vogan,Vo|Vogan,1.5170995,6.360719,138
Maritime,Yoto,Ahépé,Yoto|Ahépé,1.379597,6.594574,31
Maritime,Yoto,Amoussimé,Yoto|Amoussimé,1.520948,6.63639,159
Maritime,Yoto,Essé-Godjin,Yoto|Essé-Godjin,1.533616,6.714095,139
Maritime,Yoto,Gboto,Yoto|Gboto,1.5033365,6.675142,74
Maritime,Yoto,Kini-Kondji,Yoto|Kini-Kondji,1.5785415,6.594241500000001,50
Maritime,Yoto,Kouvé,Yoto|Kouvé,1.368448,6.749999,59
Maritime,Yoto,Sendome,Yoto|Sendome,1.583962,6.776436,62
Maritime,Yoto,Tabligbo,Yoto|Tabligbo,1.506347,6.5944045,36
Maritime,Yoto,Tchékpo,Yoto|Tchékpo,1.360853,6.548202,133
Maritime,Yoto,Tokpli,Yoto|Tokpli,1.5767395,6.6272015,116
Maritime,Yoto,Tométy-Kondji,Yoto|Tométy-Kondji,1.530555,6.791681,107
Maritime,Yoto,Zafi,Yoto|Zafi,1.325353,6.722143,37
Maritime,Zio,Abobo,Zio|Abobo,1.3116189999999999,6.201509,90
Maritime,Zio,Agbélouvé,Zio|Agbélouvé,1.078634,6.727548,307
Maritime,Zio,Bolou,Zio|Bolou,1.091715,6.436429,87
Maritime,Zio,Dalavé,Zio|Dalavé,1.25156,6.36657,15
Maritime,Zio,Davié,Zio|Davié,1.147668,6.35912,35
Maritime,Zio,Djagblé,Zio|Djagblé,1.287252,6.2347525,30
Maritime,Zio,Gamé-Sèva,Zio|Gamé-Sèva,1.170942,6.761242,167
Maritime,Zio,Gapé-Centre,Zio|Gapé-Centre,1.1531280000000002,6.589599,228
Maritime,Zio,Gapé-Kpodji,Zio|Gapé-Kpodji,1.004874,6.596303,9
Maritime,Zio,Gbatopé,Zio|Gbatopé,1.286629,6.455647,141
Maritime,Zio,Gblainvié,Zio|Gblainvié,1.121083,6.4967985,52
Maritime,Zio,Kovié,Zio|Kovié,1.0895625,6.341044999999999,42
Maritime,Zio,Kpomé,Zio|Kpomé,1.300943,6.30865,35
Maritime,Zio,Mission-Tové,Zio|Mission-Tové,1.1215199999999999,6.3470945,54
Maritime,Zio,Tsévié,Zio|Tsévié,1.20572,6.509441,41
Maritime,Zio,Wli,Zio|Wli,1.112015,6.390732,51
Plateaux,Agou,Agotimé-Nord,Agou|Agotimé-Nord,0.689415,6.698852,183
Plateaux,Agou,Agotimé-Sud (Adzakpa),Agou|Agotimé-Sud (Adzakpa),0.786071,6.57652,37
Plateaux,Agou,Agou-Akplolo,Agou|Agou-Akplolo,0.774112,6.890235,35
Plateaux,Agou,Agou-Atigbé,Agou|Agou-Atigbé,0.728767,6.817338,23
Plateaux,Agou,Agou-Iboé,Agou|Agou-Iboé,0.787749,6.866603,35
Plateaux,Agou,Agou-Kébo,Agou|Agou-Kébo,0.7403500000000001,6.866173,114
Plateaux,Agou,Agou-Nyogbo-Agbétiko,Agou|Agou-Nyogbo-Agbétiko,0.758274,6.923135,21
Plateaux,Agou,Agou-Nyogbo-Dzidjole,Agou|Agou-Nyogbo-Dzidjole,0.726446,6.879893,11
Plateaux,Agou,Agou-Tavié,Agou|Agou-Tavié,0.7130565,6.843298,30
Plateaux,Agou,Amoussou-Kopé,Agou|Amoussou-Kopé,0.8363419999999999,6.676882,72
Plateaux,Agou,Assahoun-Fiagbé,Agou|Assahoun-Fiagbé,0.729486,6.786696,21
Plateaux,Agou,Gadja,Agou|Gadja,0.805619,6.80659,233
Plateaux,Agou,Kati,Agou|Kati,0.8537445,6.8881935,12
Plateaux,Akébou,Djon,Akébou|Djon,0.720448,7.716917,65
Plateaux,Akébou,Gbendè,Akébou|Gbendè,0.678115,7.7363245,14
Plateaux,Akébou,Kamina-Akébou,Akébou|Kamina-Akébou,0.8815845,7.9324825,90
Plateaux,Akébou,Kougnohou,Akébou|Kougnohou,0.780851,7.6550925,50
Plateaux,Akébou,Kpalavé,Akébou|Kpalavé,0.8148565,7.858282,38
Plateaux,Akébou,Sérégbénè,Akébou|Sérégbénè,0.7604219999999999,7.8412135,28
Plateaux,Akébou,Veh,Akébou|Veh,0.7325655,7.667619999999999,38
Plateaux,Akébou,Yalla,Akébou|Yalla,0.6635390000000001,7.816807,18
Plateaux,Amou,Adiva,Amou|Adiva,1.016706,7.5125910000000005,10
Plateaux,Amou,Amlamé (Ouma),Amou|Amlamé (Ouma),0.9015340000000001,7.45001,76
Plateaux,Amou,Amou-Oblo,Amou|Amou-Oblo,0.9081410000000001,7.3640715,50
Plateaux,Amou,Avédjè,Amou|Avédjè,1.1281210000000002,7.452522,60
Plateaux,Amou,Ekpégnon,Amou|Ekpégnon,1.012498,7.256302,21
Plateaux,Amou,Evou,Amou|Evou,1.0374355,7.526425,42
Plateaux,Amou,Gamé,Amou|Gamé,1.065558,7.740187,45
Plateaux,Amou,Hihéatro,Amou|Hihéatro,1.080843,7.571446,55
Plateaux,Amou,Imlè-Adiva,Amou|Imlè-Adiva,0.989622,7.493042,81
Plateaux,Amou,Kpatégan,Amou|Kpatégan,1.0299135000000001,7.359952,62
Plateaux,Amou,Okpahoé,Amou|Okpahoé,1.024953,7.607462,57
Plateaux,Amou,Otadi,Amou|Otadi,1.0111275,7.660501,16
Plateaux,Amou,Sodo,Amou|Sodo,0.862103,7.318394,23
Plateaux,Amou,Témédja,Amou|Témédja,1.074879,7.516379000000001,26
Plateaux,Anié,Adogbénou,Anié|Adogbénou,1.4707195,7.7521439999999995,100
Plateaux,Anié,Anié,Anié|Anié,1.224698,7.730516,88
Plateaux,Anié,Atchinédji,Anié|Atchinédji,1.413423,7.653144,87
Plateaux,Anié,Glitto,Anié|Glitto,1.541242,7.5851895,134
Plateaux,Anié,Kolo-Kopé,Anié|Kolo-Kopé,1.287565,7.796595,59
Plateaux,Anié,Pallakoko,Anié|Pallakoko,1.1188775,7.889239,22
Plateaux,Danyi,Ahlon,Danyi|Ahlon,0.658577,7.2789515,38
Plateaux,Danyi,Danyi-Atigba,Danyi|Danyi-Atigba,0.693462,7.233472,133
Plateaux,Danyi,Danyi-Elavagnon,Danyi|Danyi-Elavagnon,0.7395335000000001,7.3664629999999995,36
Plateaux,Danyi,Danyi-Kakpa,Danyi|Danyi-Kakpa,0.634162,7.166175,47
Plateaux,Danyi,Danyi-Kpeto-Evita,Danyi|Danyi-Kpeto-Evita,0.7282,7.263207,85
Plateaux,Danyi,Yikpa,Danyi|Yikpa,0.613037,7.122929,17
Plateaux,Est-Mono,Badin-Copé,Est-Mono|Badin-Copé,1.5305689999999998,8.181604499999999,24
Plateaux,Est-Mono,Elavagnon,Est-Mono|Elavagnon,1.3397345,7.946557500000001,90
Plateaux,Est-Mono,Gbadjahè,Est-Mono|Gbadjahè,1.364505,7.805193,31
Plateaux,Est-Mono,Kamina,Est-Mono|Kamina,1.568314,8.178595,15
Plateaux,Est-Mono,Kpéssi,Est-Mono|Kpéssi,1.269844,8.065037,18
Plateaux,Est-Mono,Morétan,Est-Mono|Morétan,1.350537,8.100536,45
Plateaux,Est-Mono,Nyamassila,Est-Mono|Nyamassila,1.195011,7.978045,35
Plateaux,Haho,Akpakpakpé,Haho|Akpakpakpé,1.060633,7.104328,37
Plateaux,Haho,Asrama,Haho|Asrama,1.4203695,7.0087045,80
Plateaux,Haho,Atchavé,Haho|Atchavé,1.192851,6.8786365,80
Plateaux,Haho,Dalia,Haho|Dalia,1.211779,6.826371,101
Plateaux,Haho,Djemegni,Haho|Djemegni,1.296883,6.968745,95
Plateaux,Haho,Hahomégbé,Haho|Hahomégbé,1.005065,6.929681,133
Plateaux,Haho,Kpegnon (Haito),Haho|Kpegnon (Haito),1.01131,7.174931,77
Plateaux,Haho,Kpédomé,Haho|Kpédomé,1.164981,7.030208,89
Plateaux,Haho,Notsé,Haho|Notsé,1.1234875,6.936863,104
Plateaux,Haho,Wahala,Haho|Wahala,1.163147,7.170443,173
Plateaux,Kloto,Agome-Kpalime,Kloto|Agome-Kpalime,0.6197435,6.904655,36
Plateaux,Kloto,Agomé-Tomégbé,Kloto|Agomé-Tomégbé,0.55408,6.962543,39
Plateaux,Kloto,Agomé-Yoh,Kloto|Agomé-Yoh,0.60358,6.937429,8
Plateaux,Kloto,Gbalabé,Kloto|Gbalabé,0.5986685,6.878623,34
Plateaux,Kloto,Hanyigba,Kloto|Hanyigba,0.5908545000000001,6.905435000000001,70
Plateaux,Kloto,Kouma,Kloto|Kouma,0.592387,6.991418,55
Plateaux,Kloto,Kpadapé,Kloto|Kpadapé,0.590405,6.823175,31
Plateaux,Kloto,Kpimé,Kloto|Kpimé,0.6261194999999999,7.0276675,64
Plateaux,Kloto,Lavié,Kloto|Lavié,0.6735040000000001,7.0428005,54
Plateaux,Kloto,Lavié-Apédomé,Kloto|Lavié-Apédomé,0.694804,7.000609000000001,52
Plateaux,Kloto,Tomé,Kloto|Tomé,0.63914,6.801835,47
Plateaux,Kloto,Tové,Kloto|Tové,0.663335,6.874659,31
Plateaux,Kloto,Womé,Kloto|Womé,0.576261,6.84676,11
Plateaux,Kloto,Yokélé,Kloto|Yokélé,0.712513,6.942872,61
Plateaux,Kpélé,Kpélé-Akata,Kpélé|Kpélé-Akata,0.7322725,7.038171999999999,48
Plateaux,Kpélé,Kpélé-Centre,Kpélé|Kpélé-Centre,0.743771,7.173314,19
Plateaux,Kpélé,Kpélé-Dawlotou,Kpélé|Kpélé-Dawlotou,0.9064055,7.010875,44
Plateaux,Kpélé,Kpélé-Dutoé,Kpélé|Kpélé-Dutoé,0.8174185,7.2519835,14
Plateaux,Kpélé,Kpélé-Gbalédzé,Kpélé|Kpélé-Gbalédzé,0.7433890000000001,7.1875435,16
Plateaux,Kpélé,Kpélé-Govié,Kpélé|Kpélé-Govié,0.774335,7.139466,25
Plateaux,Kpélé,Kpélé-Kamé,Kpélé|Kpélé-Kamé,0.803439,7.2209925,26
Plateaux,Kpélé,Kpélé-Nord,Kpélé|Kpélé-Nord,0.856486,7.2690195,46
Plateaux,Kpélé,Kpélé-Novivé,Kpélé|Kpélé-Novivé,0.7396575,7.0998665,64
Plateaux,Moyen-Mono,Ahassomè,Moyen-Mono|Ahassomè,1.504246,7.266596,27
Plateaux,Moyen-Mono,Katomé,Moyen-Mono|Katomé,1.623342,7.361786,27
Plateaux,Moyen-Mono,Kpékplémé,Moyen-Mono|Kpékplémé,1.6207065,7.3072695,38
Plateaux,Moyen-Mono,Saligbé,Moyen-Mono|Saligbé,1.5821915,7.2656715,54
Plateaux,Moyen-Mono,Tado,Moyen-Mono|Tado,1.596538,7.153694,43
Plateaux,Moyen-Mono,Tohoun,Moyen-Mono|Tohoun,1.607762,7.032433,27
Plateaux,Ogou,Akparé,Ogou|Akparé,1.250619,7.476108,53
Plateaux,Ogou,Datcha,Ogou|Datcha,1.1717575,7.4277575,42
Plateaux,Ogou,Djama,Ogou|Djama,1.2215829999999999,7.572581,40
Plateaux,Ogou,Gléi,Ogou|Gléi,1.174392,7.26473,75
Plateaux,Ogou,Gnagna,Ogou|Gnagna,1.179818,7.520823,25
Plateaux,Ogou,Houdou,Ogou|Houdou,1.158103,7.612835,21
Plateaux,Ogou,Katoré,Ogou|Katoré,1.326898,7.397424,35
Plateaux,Ogou,Ountivou,Ogou|Ountivou,1.567397,7.411005,55
Plateaux,Wawa,Badou,Wawa|Badou,0.5850124999999999,7.5823985,42
Plateaux,Wawa,Doumé,Wawa|Doumé,0.80486,7.574678,35
Plateaux,Wawa,Ekéto,Wawa|Ekéto,0.8146720000000001,7.497883,20
Plateaux,Wawa,Gbadi-N'kougna,Wawa|Gbadi-N'kougna,0.7119185,7.4585595,28
Plateaux,Wawa,Gobé,Wawa|Gobé,0.809215,7.514253,9
Plateaux,Wawa,Klabé-Efoukpa,Wawa|Klabé-Efoukpa,0.763892,7.603738,23
Plateaux,Wawa,Kpété-Béna,Wawa|Kpété-Béna,0.597754,7.443296999999999,54
Plateaux,Wawa,Késsibo,Wawa|Késsibo,0.608611,7.623349,48
Plateaux,Wawa,Okou,Wawa|Okou,0.8709,7.546288,35
Plateaux,Wawa,Ounabé,Wawa|Ounabé,0.9408065,7.556167,16
Plateaux,Wawa,Tomégbé,Wawa|Tomégbé,0.6037905,7.515006,40
Plateaux,Wawa,Zogbégan,Wawa|Zogbégan,0.685926,7.5751100000000005,46
Savanes,Cinkassé,Biankouri,Cinkassé|Biankouri,0.052867,11.031677,57
Savanes,Cinkassé,Boadé,Cinkassé|Boadé,-0.06875500000000001,11.1202735,28
Savanes,Cinkassé,Cinkassé,Cinkassé|Cinkassé,0.031577,11.091144,37
Savanes,Cinkassé,Gouloungoussi,Cinkassé|Gouloungoussi,-0.111392,11.109642,5
Savanes,Cinkassé,Nadjoundi,Cinkassé|Nadjoundi,0.183532,11.023711,113
Savanes,Cinkassé,Noaga,Cinkassé|Noaga,-0.1018085,11.098343499999999,2
Savanes,Cinkassé,Sam-Naba,Cinkassé|Sam-Naba,0.1201165,11.061415,100
Savanes,Cinkassé,Timbou,Cinkassé|Timbou,0.1204805,11.019760999999999,106
Savanes,Kpendjal,Borgou,Kpendjal|Borgou,0.569737,10.766124,91
Savanes,Kpendjal,Koundjoaré,Kpendjal|Koundjoaré,0.6621705,10.9368325,78
Savanes,Kpendjal,Mandouri,Kpendjal|Mandouri,0.812841,10.856868500000001,90
Savanes,Kpendjal,Tambigou,Kpendjal|Tambigou,0.794049,10.762118,69
Savanes,Kpendjal-Ouest,Naki-Est,Kpendjal-Ouest|Naki-Est,0.381418,10.744887,145
Savanes,Kpendjal-Ouest,Namoundjoga,Kpendjal-Ouest|Namoundjoga,0.40208449999999996,10.885179,74
Savanes,Kpendjal-Ouest,Nayéga,Kpendjal-Ouest|Nayéga,0.401691,10.780716,75
Savanes,Kpendjal-Ouest,Ogaro,Kpendjal-Ouest|Ogaro,0.470556,10.753953,127
Savanes,Kpendjal-Ouest,Papri,Kpendjal-Ouest|Papri,0.4264615,10.983779,90
Savanes,Kpendjal-Ouest,Pogno,Kpendjal-Ouest|Pogno,0.50391,10.953544,179
Savanes,Kpendjal-Ouest,Tambonga,Kpendjal-Ouest|Tambonga,0.457306,10.932859,100
Savanes,Oti,Barkoissi,Oti|Barkoissi,0.316333,10.580809,81
Savanes,Oti,Faré,Oti|Faré,0.397545,10.180491,143
Savanes,Oti,Galangashie,Oti|Galangashie,0.31290549999999995,10.4740935,168
Savanes,Oti,Loko,Oti|Loko,0.278311,10.580717,33
Savanes,Oti,Mango,Oti|Mango,0.474024,10.346107,483
Savanes,Oti,Nagbéni,Oti|Nagbéni,0.445561,10.613508,263
Savanes,Oti,Sadori,Oti|Sadori,0.444817,10.291395,161
Savanes,Oti,Tchanaga,Oti|Tchanaga,0.506264,10.5071095,56
Savanes,Oti-Sud,Gando,Oti-Sud|Gando,0.744115,10.315983,119
Savanes,Oti-Sud,Koumongou,Oti-Sud|Koumongou,0.453727,10.17663,150
Savanes,Oti-Sud,Kountoire,Oti-Sud|Kountoire,0.623948,10.1276705,170
Savanes,Oti-Sud,Mogou,Oti-Sud|Mogou,0.6349899999999999,10.3834215,50
Savanes,Oti-Sud,Nali,Oti-Sud|Nali,0.470689,10.045894,36
Savanes,Oti-Sud,Sagbiebou,Oti-Sud|Sagbiebou,0.636984,10.247813,71
Savanes,Oti-Sud,Takpamba,Oti-Sud|Takpamba,0.570871,9.945821,123
Savanes,Oti-Sud,Tchamonga,Oti-Sud|Tchamonga,0.624983,10.490433,133
Savanes,Tandjoaré,Bagou,Tandjoaré|Bagou,0.053787,10.674872,88
Savanes,Tandjoaré,Bogou,Tandjoaré|Bogou,0.167612,10.651852,131
Savanes,Tandjoaré,Bombouaka,Tandjoaré|Bombouaka,0.201853,10.742662,117
Savanes,Tandjoaré,Boulogou,Tandjoaré|Boulogou,0.263397,10.628263,84
Savanes,Tandjoaré,Doukpergou,Tandjoaré|Doukpergou,0.0728485,10.6523215,96
Savanes,Tandjoaré,Goundoga,Tandjoaré|Goundoga,0.156375,10.687401,39
Savanes,Tandjoaré,Loko,Tandjoaré|Loko,0.235233,10.608577,43
Savanes,Tandjoaré,Lokpano,Tandjoaré|Lokpano,0.140762,10.616138,49
Savanes,Tandjoaré,Mamproug,Tandjoaré|Mamproug,-0.038944,10.670919,49
Savanes,Tandjoaré,Nandoga,Tandjoaré|Nandoga,0.22091899999999998,10.648461,50
Savanes,Tandjoaré,Nano,Tandjoaré|Nano,0.127621,10.7123895,118
Savanes,Tandjoaré,Pligou,Tandjoaré|Pligou,0.2751725,10.647281,154
Savanes,Tandjoaré,Sangou,Tandjoaré|Sangou,0.064764,10.600383,33
Savanes,Tandjoaré,Sissiak,Tandjoaré|Sissiak,0.112935,10.73721,243
Savanes,Tandjoaré,Tamongue,Tandjoaré|Tamongue,0.159845,10.519261,141
Savanes,Tandjoaré,Tampialime,Tandjoaré|Tampialime,-0.009322,10.738541,172
Savanes,Tône,Bidjenga,Tône|Bidjenga,0.3190915,10.686618,68
Savanes,Tône,Dapaong,Tône|Dapaong,0.1906245,10.865802500000001,362
Savanes,Tône,Kantindi,Tône|Kantindi,0.279193,10.911835,135
Savanes,Tône,Korbongou,Tône|Korbongou,0.330832,10.946214,435
Savanes,Tône,Kourientre,Tône|Kourientre,0.235942,11.009023,115
Savanes,Tône,Lotogou,Tône|Lotogou,0.040324,10.778153,64
Savanes,Tône,Louanga,Tône|Louanga,0.325816,10.899374,99
Savanes,Tône,Naki-Ouest,Tône|Naki-Ouest,0.094345,10.907717,139
Savanes,Tône,Namaré,Tône|Namaré,0.100644,10.987297,145
Savanes,Tône,Nanergou,Tône|Nanergou,0.1468305,10.9059415,150
Savanes,Tône,Natigou,Tône|Natigou,0.288336,10.984722,39
Savanes,Tône,Nioukpourma,Tône|Nioukpourma,0.1243995,10.832681000000001,96
Savanes,Tône,Pana,Tône|Pana,0.256485,10.766398,221
Savanes,Tône,Poissongui,Tône|Poissongui,0.225373,11.043883,51
Savanes,Tône,Sanfatoute,Tône|Sanfatoute,0.2971375,11.009186,130
Savanes,Tône,Tami,Tône|Tami,0.036652000000000004,10.866921999999999,176
Savanes,Tône,Toaga,Tône|Toaga,0.251154,10.891595,181
Savanes,Tône,Warkambou,Tône|Warkambou,-0.055371,10.78294,199
