fid_source,couche,type,region,prefecture,commune,canton,localite,nom,annee,detail,surface_ha,lon,lat,geom_corrigee,motif
_mview_general_petites_exploitations.fid-2fb68024_1a0f64b3bf1_-3fa4,exploitation,petite,Kara,Doufelgou,Doufelgou 2,Défalé,Hounde,Haare Achat Waso,,Production,0.3463,1.145127,9.944578,False,Doublon exact (attributs et géométrie identiques)
_mview_general_petites_exploitations.fid-2fb68024_1a0f64b3bf1_-257f,exploitation,petite,Plateaux,Amou,Amou 3,Hihéatro,Lomnava,Releve Agricole,,Production,1.1931,1.073512,7.553031,False,Doublon exact (attributs et géométrie identiques)
_mview_general_petites_exploitations.fid-2fb68024_1a0f64b3bf1_-24eb,exploitation,petite,Plateaux,Est-Mono,Est-Mono 2,Morétan,Ilekohan,Katchobi,,Production · Tontine · Entraide · ESOP,4.9034,1.461206,8.151095,False,Doublon exact (attributs et géométrie identiques)
_mview_zaapzapb_champs_individuels_zaap_zapb.fid-2fb68024_1a0f82ccff9_-40ba,zaap,zaap,Savanes,Cinkassé,Cinkassé 2,Sam-Naba,,Lampouguini,,Production · Tontine,4.0378,0.09,11.077959,False,Doublon exact (attributs et géométrie identiques)
_mview_zaapzapb_champs_individuels_zaap_zapb.fid-2fb68024_1a0f82ccff9_-40b5,zaap,zaap,Savanes,Cinkassé,Cinkassé 2,Sam-Naba,,Lampouguini,,Production · Tontine,1.1127,0.088993,11.079546,False,Doublon exact (attributs et géométrie identiques)
_mview_zaapzapb_champs_individuels_zaap_zapb.fid-2fb68024_1a0f82ccff9_-40b2,zaap,zaap,Savanes,Cinkassé,Cinkassé 2,Sam-Naba,,Gaboni,,Production · Tontine,0.0873,0.090549,11.074501,False,Doublon exact (attributs et géométrie identiques)
_mview_zaapzapb_champs_individuels_zaap_zapb.fid-2fb68024_1a0f82ccff9_-40b1,zaap,zaap,Savanes,Cinkassé,Cinkassé 2,Sam-Naba,,Gaboni,,Production · Tontine,0.0833,0.090776,11.074108,False,Doublon exact (attributs et géométrie identiques)
_mview_zaapzapb_champs_individuels_zaap_zapb.fid-2fb68024_1a0f82ccff9_-40b0,zaap,zaap,Savanes,Cinkassé,Cinkassé 2,Sam-Naba,,Lampouguini,,Production · Tontine,0.241,0.091213,11.074359,False,Doublon exact (attributs et géométrie identiques)
_mview_zaapzapb_champs_individuels_zaap_zapb.fid-2fb68024_1a0f82ccff9_-40af,zaap,zaap,Savanes,Cinkassé,Cinkassé 2,Sam-Naba,,Gaboni,,Production · Tontine,0.3262,0.091252,11.073831,False,Doublon exact (attributs et géométrie identiques)
_mview_zaapzapb_champs_individuels_zaap_zapb.fid-2fb68024_1a0f82ccff9_-40ae,zaap,zaap,Savanes,Cinkassé,Cinkassé 2,Sam-Naba,,Lampouguini,,Production · Tontine,1.2669,0.092498,11.078824,False,Doublon exact (attributs et géométrie identiques)
_mview_zaapzapb_champs_individuels_zaap_zapb.fid-2fb68024_1a0f82ccff9_-40ad,zaap,zaap,Savanes,Cinkassé,Cinkassé 2,Sam-Naba,,Lampouguini,,Production · Tontine,0.659,0.091698,11.078547,False,Doublon exact (attributs et géométrie identiques)
_mview_zaapzapb_champs_individuels_zaap_zapb.fid-2fb68024_1a0f82ccff9_-40ab,zaap,zaap,Savanes,Cinkassé,Cinkassé 2,Sam-Naba,,Gaboni,,Production · Tontine,2.6764,0.090866,11.079292,True,Doublon exact (attributs et géométrie identiques)
_mview_zaapzapb_champs_individuels_zaap_zapb.fid-2fb68024_1a0f82ccff9_-40aa,zaap,zaap,Savanes,Cinkassé,Cinkassé 2,Sam-Naba,,Lampouguini,,Production · Tontine,0.2873,0.089686,11.080738,True,Doublon exact (attributs et géométrie identiques)
_mview_zaapzapb_champs_individuels_zaap_zapb.fid-2fb68024_1a0f82ccff9_-3ee3,zaap,zaap,Savanes,Oti,Oti 2,Nagbéni,,Goundo,,Production,0.3482,0.511962,10.692628,True,Doublon exact (attributs et géométrie identiques)
_mview_zaapzapb_champs_individuels_zaap_zapb.fid-2fb68024_1a0f82ccff9_-3e8d,zaap,zaap,Savanes,Oti,Oti 2,Nagbéni,,Goundo,,Production,0.3158,0.512022,10.691617,False,Doublon exact (attributs et géométrie identiques)
_mview_zaapzapb_champs_individuels_zaap_zapb.fid-2fb68024_1a0f82ccff9_-3e8c,zaap,zaap,Savanes,Oti,Oti 2,Nagbéni,,Goundo,,Production,0.2252,0.5127,10.690892,True,Doublon exact (attributs et géométrie identiques)
_mview_zaapzapb_champs_individuels_zaap_zapb.fid-2fb68024_1a0f82ccff9_-3e87,zaap,zaap,Savanes,Oti,Oti 2,Nagbéni,,Goundo,,Production,0.1852,0.51168,10.691473,True,Doublon exact (attributs et géométrie identiques)
_mview_zaapzapb_champs_individuels_zaap_zapb.fid-2fb68024_1a0f82ccff9_-3e86,zaap,zaap,Savanes,Oti,Oti 2,Nagbéni,,Goundo,,Production,0.3482,0.511962,10.692628,True,Doublon exact (attributs et géométrie identiques)
_mview_zaapzapb_champs_individuels_zaap_zapb.fid-2fb68024_1a0f82ccff9_-3e85,zaap,zaap,Savanes,Oti,Oti 2,Nagbéni,,Tanepo,,Production,0.4173,0.510768,10.693039,True,Doublon exact (attributs et géométrie identiques)
_mview_zaapzapb_champs_individuels_zaap_zapb.fid-2fb68024_1a0f82ccff9_-3e83,zaap,zaap,Savanes,Oti,Oti 2,Nagbéni,,Goundo,,Production,0.3501,0.510831,10.694012,False,Doublon exact (attributs et géométrie identiques)
_mview_zaapzapb_champs_individuels_zaap_zapb.fid-2fb68024_1a0f82ccff9_-3e78,zaap,zaap,Savanes,Oti,Oti 2,Nagbéni,,Goundo,,Production,0.1852,0.51168,10.691473,True,Doublon exact (attributs et géométrie identiques)
_mview_zaapzapb_champs_individuels_zaap_zapb.fid-2fb68024_1a0f82ccff9_-3e73,zaap,zaap,Savanes,Oti,Oti 2,Nagbéni,,Goundo,,Production,0.3501,0.510831,10.694012,False,Doublon exact (attributs et géométrie identiques)
_mview_zaapzapb_champs_individuels_zaap_zapb.fid-2fb68024_1a0f82ccff9_-3b3c,zaap,zaap,Savanes,Tône,Tône 3,Warkambou,,Bokte,,Production,0.9163,-0.059392,10.779804,False,Doublon exact (attributs et géométrie identiques)
