prefecture,region,superficie_km2,lon_min,lat_min,lon_max,lat_max
Agou,Plateaux,1095.2,0.6289,6.5167,0.9641,6.9846
Agoè-Nyivé,Maritime,167.1,1.0907,6.1982,1.2532,6.3692
Akébou,Plateaux,1145.9,0.6083,7.6136,1.0823,8.0387
Amou,Plateaux,1807.8,0.7593,7.193,1.1546,7.8862
Anié,Plateaux,1986.0,1.0383,7.423,1.6594,7.9661
Assoli,Kara,933.1,0.9541,9.2124,1.4131,9.4628
Avé,Maritime,1049.3,0.7186,6.1728,1.1042,6.703
Bas-Mono,Maritime,329.5,1.5517,6.3563,1.7808,6.5855
Bassar,Kara,3454.4,0.4529,8.841,1.0335,9.6645
Binah,Kara,580.8,1.1884,9.4866,1.3698,10.025
Blitta,Centrale,3128.0,0.5895,7.891,1.2644,8.4127
Cinkassé,Savanes,275.6,-0.1425,10.9662,0.2192,11.138
Dankpen,Kara,2540.9,0.2244,9.4223,0.8787,10.0309
Danyi,Plateaux,396.1,0.5982,7.0724,0.8008,7.3899
Doufelgou,Kara,1157.5,0.8368,9.6389,1.3416,10.0424
Est-Mono,Plateaux,2652.6,1.1218,7.7958,1.6505,8.4783
Golfe,Maritime,240.7,1.0845,6.1093,1.3973,6.2568
Haho,Plateaux,3050.7,0.8923,6.746,1.5777,7.3023
Kloto,Plateaux,527.8,0.5147,6.7487,0.7636,7.0922
Kozah,Kara,1085.7,0.9133,9.3628,1.3982,9.7518
Kpendjal,Savanes,1393.2,0.4813,10.6079,0.9123,10.9996
Kpendjal-Ouest,Savanes,785.6,0.321,10.6255,0.5971,11.0375
Kpélé,Plateaux,930.3,0.6579,6.9119,0.967,7.3228
Kéran,Kara,2018.0,0.6435,9.8446,1.311,10.29
Lacs,Maritime,416.4,1.3802,6.1742,1.8075,6.4243
Moyen-Mono,Plateaux,626.3,1.4412,6.994,1.6416,7.4007
Mô,Centrale,1254.5,0.3767,8.5133,0.7881,9.0148
Ogou,Plateaux,1944.0,1.039,7.1896,1.6774,7.7389
Oti,Savanes,1541.9,0.1833,10.1246,0.6809,10.6861
Oti-Sud,Savanes,2392.9,0.3474,9.8763,0.9017,10.7003
Sotouboua,Centrale,3146.2,0.617,8.3597,1.2687,9.0538
Tandjoaré,Savanes,951.4,-0.088,10.4128,0.3356,10.8058
Tchamba,Centrale,3197.3,1.227,8.351,1.6502,9.2843
Tchaoudjo,Centrale,2395.6,0.8733,8.6587,1.4445,9.3245
Tône,Savanes,1219.8,-0.0756,10.6628,0.4086,11.0718
Vo,Maritime,755.4,1.3666,6.2121,1.6295,6.5782
Wawa,Plateaux,1243.8,0.5022,7.3754,1.0079,7.7111
Yoto,Maritime,1261.1,1.2457,6.4232,1.6411,6.9221
Zio,Maritime,2163.5,0.897,6.19,1.4058,6.8711
